,OTU00002,OTU00003,OTU00004,OTU00005,OTU00006,OTU00008,OTU00009,OTU00010,OTU00011,OTU00012,OTU00013,OTU00014,OTU00015,OTU00016,OTU00017,OTU00018,OTU00019,OTU00021,OTU00022,OTU00023,OTU00024,OTU00028,OTU00030,OTU00032,OTU00034,OTU00035,OTU00036,OTU00037,OTU00039,OTU00041,OTU00042,OTU00043,OTU00044,OTU00045,OTU00047,OTU00048,OTU00049,OTU00050,OTU00052,OTU00054,OTU00055,OTU00056,OTU00057,OTU00058,OTU00059,OTU00060,OTU00061,OTU00062,OTU00064,OTU00065,OTU00067,OTU00070,OTU00071,OTU00072,OTU00077,OTU00078,OTU00079,OTU00081,OTU00085,OTU00086,OTU00090,OTU00092,OTU00094,OTU00096,OTU00097,OTU00101,OTU00103,OTU00111,OTU00112,OTU00121,OTU00123,OTU00124,OTU00126,OTU00129,OTU00132,OTU00136,OTU00137,OTU00152,OTU00155,OTU00158,OTU00162,OTU00165,OTU00171,OTU00188,OTU00196,OTU00198,OTU00226,OTU00309,OTU00311
S081,123699.1727,31186.8677,26731.60089,29876.49511,99588.31704,23324.63214,88319.11274,31448.94222,56214.98422,17558.99274,12710.61415,34331.76193,34986.94822,13103.72592,31055.83044,14807.2103,26600.56363,131.0372593,36559.39533,8386.384593,7731.198296,1441.409852,14414.09852,9958.831703,4717.341333,2882.819703,20179.73793,5503.56489,3931.117777,12448.53963,6813.937481,16117.58289,917.2608148,5503.564889,917.2608148,3931.117777,3013.856963,6813.937481,17952.10452,6289.788444,6420.825704,1310.372592,11138.16704,6027.713926,4062.155037,4848.378593,4717.341333,655.1862963,5634.602148,3013.856963,3669.04326,131.0372593,1048.298074,20310.77519,2751.782444,4193.192296,3669.043259,5765.639408,4586.304074,10351.94348,1703.484371,3406.96874,0,9696.757184,4848.378592,786.2235556,3275.931482,524.149037,5503.564889,4062.155037,655.1862963,655.1862963,393.1117778,393.1117778,4062.155037,2489.707926,0,5241.49037,131.0372593,393.1117778,262.0745185,131.0372593,131.0372593,262.0745186,262.0745185,1310.372593,0,262.0745185,0
S082,18623.23546,5403.03745,50179.27334,4655.808867,13737.51011,14197.34309,42764.46663,5460.516572,14542.21782,15346.92552,8621.868271,4598.329745,11323.38699,5173.120963,3276.309942,4885.725354,4253.455014,0,10748.59578,5517.995694,3448.747308,5460.516571,2241.685751,5977.828668,5920.349546,977.1450707,4655.808866,2011.769263,2299.164872,7184.890226,1494.457167,10691.11666,57.47912181,6725.057251,1379.498923,1092.103314,3563.705552,919.6659489,7989.597931,632.2703399,2644.039603,689.7494617,5403.037449,1896.81102,747.2285835,574.791218,1034.624193,459.8329744,1724.373654,287.395609,3276.309943,114.9582436,344.8747308,5862.870425,2644.039603,2414.123115,2414.123116,1896.81102,632.2703398,15231.96728,1264.540679,1609.415411,229.9164872,4713.287988,2931.435212,57.47912181,4885.725353,229.9164872,1609.41541,459.8329744,3218.830821,229.9164872,459.8329744,57.47912181,344.8747308,632.2703399,0,1551.936289,344.8747308,229.9164872,57.47912181,402.3538526,287.395609,57.47912181,57.47912181,1322.019801,57.47912181,114.9582436,0
S083,57857.17728,35978.41276,139051.7034,204687.997,193991.712,72929.21506,217815.2556,176974.8952,188157.3748,48133.28193,66608.68308,59801.95634,173085.3371,39867.97089,30144.07555,85084.08423,113769.5755,0,39381.77613,110852.4069,18961.59592,31116.46509,22851.15405,37436.99706,59801.95634,70498.24122,5834.337204,8751.505806,8265.311039,71956.82552,8265.311039,37436.99706,0,63205.31971,3889.558136,1944.779068,59801.95634,486.194767,34519.82845,1458.584301,16530.62208,20420.18022,71956.82552,19447.79068,486.194767,6320.531971,1458.584301,50564.25577,14099.64824,7292.921505,8265.311039,0,1458.584301,19933.98545,94321.7848,49105.67147,38895.58136,8751.505806,8265.311039,13613.45348,6806.726738,8265.311039,0,17503.01161,21878.76451,0,5348.142437,972.389534,32088.85463,8751.505806,10210.09011,972.389534,486.194767,11182.47964,10696.28487,972.389534,972.389534,8751.505806,15072.03778,0,972.389534,9723.89534,10210.09011,10696.28487,1458.584301,5348.142437,0,486.194767,0
S084,39348.88313,33869.92472,62260.89103,42586.44947,325499.9383,78199.67914,79693.94052,95134.64149,226629.6433,30383.31482,13946.43959,24904.35641,170843.885,95383.68506,24406.26928,70728.37221,117797.6058,0,65996.54449,12452.17821,41341.23165,36858.44749,25402.44354,22164.8772,10708.87325,27892.87918,8467.481179,10708.87326,8218.437616,51302.97421,5478.95841,30383.31482,249.0435641,7222.263359,13448.35246,1494.261385,7222.26336,1992.348513,29387.14057,2988.522769,7720.350487,13697.39603,78946.80982,5229.914846,3237.566333,5977.045539,747.1306923,6724.176231,11206.96038,3735.653462,6226.089103,996.1742564,1245.217821,41590.27521,15440.70098,6973.219795,4233.74059,10957.91682,8716.524744,12950.26533,747.1306923,2241.392077,249.0435641,10459.82969,11705.04751,498.0871282,1992.348513,747.1306923,27145.74849,3486.609897,5229.914846,1245.217821,0,1743.304949,18429.22375,1992.348513,249.0435641,6724.176232,5229.914846,498.0871282,996.1742564,3486.609898,3984.697025,0,1494.261385,4233.74059,249.0435641,249.0435641,0
S085,107623.1235,58461.94364,160770.345,112273.5054,554724.1243,130210.6927,211924.5457,124895.9705,858991.9673,70420.06847,82378.19331,42517.77719,326191.0719,95664.99869,15279.82618,348778.641,374023.5713,664.3402686,29230.97182,37203.05504,51818.54095,67098.36713,41853.43692,49161.17988,21258.8886,115595.2067,8636.423493,13951.14564,11958.12484,93671.97788,11958.12484,51818.54095,1993.020806,23251.9094,33881.3537,6643.402686,13951.14564,1328.680537,57133.2631,1993.020806,21923.22886,32552.67316,200630.7611,22587.56913,1328.680537,3986.041612,3321.701343,17272.84699,27902.29128,0,5979.062418,1328.680537,1328.680537,21923.22887,29895.31209,9965.104029,11293.78457,13286.80537,6643.402686,15279.82618,2657.361075,4650.381881,0,25909.27048,36538.71477,1328.680537,5314.722149,1328.680537,70420.06848,8636.423492,11293.78457,2657.361075,0,7972.083224,73741.76981,3321.701343,0,15944.16645,4650.38188,0,0,9300.763761,15279.82618,2657.361074,3986.041612,11958.12484,0,1328.680537,1993.020806
S086,157206.6495,37430.15464,160013.9111,35090.76998,23159.90818,70415.47843,161417.5419,33453.20071,39769.53931,73690.61696,49127.07797,27136.86212,4678.769331,17077.50806,39769.53931,87259.04802,4444.830865,233.9384665,61759.75516,31815.63145,10293.29253,16843.56959,12632.67719,30879.87758,17545.38499,11462.98486,29710.18525,10761.16946,12632.67719,37430.15465,8655.723262,40939.23165,1637.569266,19182.95426,32049.56992,4444.830864,14972.06186,3275.138531,48659.20104,1403.630799,10293.29253,5614.523197,44448.30863,12866.61566,4678.769331,3743.015465,4912.707797,4444.830865,15439.93879,6316.338596,8187.846329,2573.323132,3743.015465,29944.12371,12164.80026,13334.49259,16609.63112,8421.784795,7252.092462,10995.10793,1403.6308,8187.846328,0,23627.78512,16609.63112,701.8153996,89364.49422,467.8769331,5848.461663,2339.384665,5614.523197,2105.446199,233.9384665,701.8153996,4210.892398,3041.200065,233.9384665,14738.12339,1637.569266,701.8153996,467.8769331,2105.446199,2807.261599,2339.384665,1403.630799,5848.461663,233.9384665,701.8153996,0
S087,150821.2588,88123.53245,84367.44745,313777.5614,587104.9768,63853.44482,104592.5205,56630.20445,53451.9787,37849.77951,11268.25497,81478.15131,85523.16591,84078.51784,64431.30405,15602.19919,11557.18458,0,11557.18458,19069.35456,35249.41298,577.8592291,29470.82069,17046.84726,11268.25497,13290.76227,6934.31075,13579.69189,4045.014604,8956.818052,8378.958822,15891.1288,866.7888437,5778.592291,4045.014604,8956.818052,8090.029208,3756.084989,26870.45415,288.9296146,6645.381135,2600.366531,13001.83266,8090.029208,577.8592291,12135.04381,6645.381136,577.8592292,22536.50994,41316.93488,11557.18458,866.7888437,1733.577687,8956.818051,2311.436916,4045.014604,5778.592291,13001.83266,1155.718458,5489.662677,1733.577688,1444.648073,1733.577688,17335.77687,4622.873833,288.9296146,1444.648073,1155.718458,10690.39574,8667.888437,866.7888437,3467.155375,1733.577687,0,9245.747666,866.7888437,0,12135.04381,288.9296146,866.7888437,288.9296146,866.7888437,0,0,0,577.8592291,1733.577687,577.8592291,0
S088,324561.74,353147.8011,249358.41,349629.5167,887047.4654,178552.9356,253316.48,91035.60999,37821.55778,15832.28,35622.63,155684.0866,43538.77,115223.8156,97632.39332,3958.07,8355.925555,0,100710.8923,54533.40889,41339.84222,21109.70666,50135.55333,32983.91666,35622.63,10115.06778,58051.69333,22868.84889,16272.06555,40460.27111,14952.70889,44418.34111,3078.498889,26826.91889,5277.426666,7476.354444,25067.77666,3958.07,35182.84444,14512.92333,16272.06555,11434.42445,7476.354444,33863.48778,6156.997778,16711.85111,10115.06778,4837.641111,47057.05445,21549.49222,13193.56667,11434.42444,3518.284445,53214.05222,11434.42444,13193.56667,21989.27778,34303.27333,18031.20777,15392.49444,7476.354444,11874.21,879.571111,32544.1311,11874.21,439.7855555,11434.42445,1319.356667,2198.927778,5717.212223,10115.06778,2638.713333,879.571111,1319.356667,8355.925556,3518.284444,4397.855556,21549.49222,2638.713334,2638.713333,1759.142223,3958.07,2638.713334,2198.927778,2638.713333,4397.855556,45737.69778,439.7855555,879.571111
S089,387918.0126,486159.9708,150576.4594,295184.9493,927789.7084,198779.2893,262590.6547,108800.6734,19281.13199,13772.23713,50039.12826,213469.6756,44071.15883,84928.79567,90896.76509,9181.491424,22953.72856,5049.820283,35807.81655,26626.32512,56007.09769,459.0745712,40398.56226,23412.80313,14231.31171,29380.77256,35807.81655,14690.38628,12395.01342,14231.3117,13772.23714,38562.26398,8263.342281,12854.08799,6886.118567,16985.75913,15149.46085,10558.71514,25708.17599,12854.08799,11476.86428,918.1491424,12395.01342,22035.57942,2295.372856,42693.93512,16067.61,0,56466.17226,6427.043997,7804.26771,7345.193139,4131.671141,11017.78971,918.1491424,5508.894854,12854.08799,29839.84713,6886.118568,7345.193139,7345.193139,14690.38628,2295.372856,14231.31171,11017.78971,1836.298285,1836.298285,5967.969425,4131.671141,12854.08799,0,4590.745712,918.1491424,459.0745712,10099.64057,918.1491424,3672.59657,16526.68456,0,1836.298285,459.0745712,0,0,0,0,0,3672.59657,4590.745712,0
S090,317781.1388,807918.1495,130164.5908,214547.153,1102359.431,401266.0143,471285.5871,524249.1103,176844.306,47577.40213,15260.67616,397675.2669,29623.66548,174151.2456,119392.3488,59247.33096,120290.0356,7181.494661,48475.08897,19749.11032,106824.7331,3590.747331,197491.1032,85280.24911,10772.24199,212751.7794,8079.181495,43088.96797,29623.66548,112210.8541,29623.66548,56554.27046,8079.181495,8976.868327,235193.9502,76303.38079,9874.55516,9874.55516,26032.91815,2693.060498,23339.85765,18851.42348,54758.89679,13465.3025,0,129266.9039,7181.494662,0,165174.3772,11669.92883,6283.807829,17056.04982,27828.29182,25135.23132,1795.373665,3590.747331,4488.434163,171458.1851,5386.120996,4488.434164,0,2693.060498,9874.55516,8079.181494,29623.66548,6283.807829,13465.30249,12567.61566,43986.65481,38600.5338,0,13465.30249,0,0,19749.11032,0,135550.7118,78098.75445,0,0,897.6868327,897.6868327,897.6868327,0,0,1795.373665,26930.60499,8079.181495,0
S091,706697.2208,797405.8406,487929.3731,115609.0252,1004909.219,268568.6585,401370.8209,108494.6237,11264.46912,14821.6699,80629.88425,138137.9634,26086.13902,161852.6353,129837.8283,592.8667959,10671.60233,23714.67184,26679.00582,201574.7107,93672.95376,11857.33592,66401.08115,40314.94212,123909.1604,9485.868736,14821.6699,17786.00387,15414.53669,5928.667959,27271.87261,26679.00582,46836.47688,88337.15259,2371.467184,29643.3398,88930.01939,7114.401551,14228.8031,4150.067572,20157.47106,3557.200776,4742.934368,14821.6699,592.8667959,55136.61202,10671.60233,11857.33592,70551.14871,4150.067572,33200.54057,21343.20465,5335.801164,15414.53669,29050.473,45057.87649,68772.54833,65215.34755,4150.067572,8300.135143,17786.00388,59286.67959,14228.8031,25493.27223,8893.001939,592.8667959,5335.801163,11857.33592,7707.268347,14228.8031,6521.534755,15414.53669,6521.534755,592.8667959,11857.33592,0,17193.13708,20750.33786,1185.733592,5928.667959,4150.067572,2964.33398,592.8667959,2964.33398,0,5335.801164,61658.14678,3557.200776,0
S092,5856066.905,5161334.849,455508.2819,422737.902,2421731.082,2012101.332,2270987.334,819259.4998,42601.49399,58986.68399,62263.72199,1117469.958,36047.41799,419460.8639,704563.1699,13108.152,150743.748,635745.3719,13108.152,101588.178,199899.318,13108.152,514494.9659,268717.1159,75371.87399,127804.482,16385.19,114696.33,65540.75999,22939.266,196622.28,114696.33,209730.432,9831.113998,32770.37999,131081.52,55709.64599,111419.292,170405.976,6554.075999,160574.862,22939.266,108142.254,117973.368,0,304764.5339,121250.406,9831.113997,458785.32,19662.228,42601.49399,127804.482,65540.75999,6554.075998,26216.304,39324.45599,32770.37999,439123.0919,13108.152,0,36047.41799,9831.113998,239223.774,242500.812,55709.64599,39324.45599,3277.037999,114696.33,45878.53199,150743.748,0,36047.41799,62263.72199,6554.075999,29493.34199,13108.152,176960.052,196622.28,0,36047.41799,62263.72199,3277.037999,0,3277.037999,0,0,81925.94998,3277.037999,0
S093,173763.3386,306164.6064,110440.9931,13005.59958,147752.1395,87201.47913,72063.81405,27716.85156,0,852.8262017,9167.881669,88693.92498,213.2065504,68439.30269,12365.97993,0,2345.272054,83363.76122,49890.3328,17696.14369,43494.13629,1918.858954,12365.97993,9807.501321,14498.04543,2984.891706,12365.97992,13432.01268,17056.52404,2345.272055,4903.75066,9381.088219,20681.03539,13432.01268,15990.49128,14071.63233,11299.94717,1279.239302,10020.70787,8954.675119,6396.196513,1279.239302,1492.445853,1066.032752,2771.685155,46265.82145,7035.816165,213.2065504,20467.82884,0,4264.131009,25371.5795,5116.957211,27077.23191,2132.065505,6182.989963,6822.609614,54154.46382,5116.957211,426.4131009,5969.783413,1492.445853,13645.21923,6609.403063,3198.098257,1066.032752,2771.685156,2984.891706,2558.478605,7035.816165,426.4131009,3837.717908,852.8262018,0,5543.370311,0,17482.93714,6822.609613,213.2065504,2771.685156,12792.39303,426.4131009,0,852.8262017,213.2065504,1066.032752,426.4131009,0,0
S094,546745.4227,725371.5671,714504.5773,25809.1007,618739.23,271674.7442,425170.9747,80823.2364,5433.494884,4754.308024,59089.25687,133120.6247,3395.934303,304954.9004,63843.56489,0,5433.494884,311067.5821,41430.39849,162325.6596,283220.9209,5433.494885,78106.48896,49580.64082,116140.9531,9508.616048,16979.67151,52976.57512,27846.66128,4754.308024,33959.34303,21733.97954,102557.2159,90331.85245,8150.242327,48222.2671,86935.91815,9508.616048,27846.66129,9508.616047,24450.72698,679.1868605,4075.121164,15621.29779,2037.560582,148062.7356,17658.85838,0,88973.47873,679.1868605,10866.98977,68597.87291,24450.72698,29205.035,19696.41896,36676.09047,59768.44373,136516.559,8829.429187,2716.747442,19017.23209,34638.52988,34638.52988,19696.41896,16300.48465,10866.98977,3395.934303,26488.28756,2716.747443,35317.71675,5433.494884,28525.84814,2037.560582,1358.373721,14262.92407,0,81502.42326,16300.48465,2037.560582,2716.747443,61126.81745,2037.560582,679.1868605,3395.934303,0,6112.681745,93727.78675,3395.934303,0
S095,4485444.544,4467442.76,462045.7924,291028.8433,255025.275,597059.1733,1350133.809,1281126.97,3000.297354,15001.48677,51005.05501,2574255.13,0,285028.2486,150014.8677,6000.594707,45004.46031,111011.0021,27002.67618,105010.4074,276027.3565,21002.08147,783077.6092,171016.9492,66006.54178,282027.9513,18001.78412,228022.5989,363035.9798,0,135013.3809,198019.6253,357035.3851,42004.16295,471046.6845,120011.8941,33003.27089,96009.51531,249024.6804,6000.594707,114011.2994,24002.37882,21002.08148,30002.97354,3000.297354,870086.2325,204020.22,3000.297354,660065.4178,0,24002.37883,96009.51532,222022.0042,9000.892061,18001.78412,24002.37883,39003.86559,552054.713,6000.594707,0,36003.56824,15001.48677,33003.27089,81008.02855,39003.86559,75007.43384,3000.297354,45004.4603,36003.56824,480047.5765,3000.297354,57005.64972,30002.97354,3000.297354,42004.16295,0,459045.495,144014.273,0,33003.27089,213021.1121,3000.297354,0,12001.18942,0,6000.594708,0,372036.8718,0
S096,420500.8005,193087.1023,121405.093,8076.846107,36850.61037,23473.334,160527.3164,42403.44207,1514.408645,504.8028817,35336.20172,31550.18011,1009.605763,89602.5115,20192.11527,0,2019.211527,4290.824495,8329.247549,51994.69681,53256.70402,3028.817291,39122.22333,16658.4951,29783.37002,3533.620171,2271.612968,25492.54553,10600.86052,252.4014409,14639.28357,11610.46628,48965.87952,27259.35561,3028.817291,19434.91095,22968.53112,4543.225935,8329.247548,2776.41585,9086.451871,1262.007204,1009.605764,1766.810086,504.8028817,53761.50691,8834.050431,2019.211527,24482.93976,252.4014409,10600.86052,3028.817291,13629.6778,6310.036022,8076.846108,17668.10086,15396.48789,24482.93976,1009.605763,1262.007204,14386.88213,32054.98298,1009.605763,9591.254753,5805.23314,9843.656194,3028.817291,2271.612968,0,11862.86772,757.2043226,7319.641785,2271.612968,0,10600.86052,0,7319.641785,16658.4951,504.8028817,4290.824495,42908.24495,1514.408645,0,757.2043226,504.8028818,1514.408645,0,1514.408645,0
S097,585549.1844,522039.8747,105738.0128,16957.9832,219123.7436,197510.6277,148631.735,73817.10331,332.5094744,1330.037898,10972.81265,123028.5055,997.5284231,128016.1477,28263.30532,1995.056846,14297.9074,30923.38112,7980.227385,18288.02109,82462.34965,997.5284231,37573.57061,12967.8695,16625.47372,16292.96425,2660.075795,20283.07794,26268.24848,2992.585269,8977.755808,10307.79371,44556.26957,11305.32213,43891.25061,19950.56846,8977.755808,2992.58527,27598.28638,997.5284231,11637.8316,1662.547372,5985.170539,6650.189487,1330.037898,82462.34964,14630.41687,0,31920.90954,332.5094744,9310.265282,24273.19163,15627.9453,6317.680013,1330.037898,7315.208436,8312.73686,70492.00857,1995.056846,332.5094744,3657.604219,4987.642115,2992.585269,15295.43582,6317.680013,4987.642116,5652.661064,11970.34108,2327.566321,36576.04219,1330.037898,11305.32213,0,0,56194.10117,0,36908.55166,12302.85055,1330.037898,1995.056846,59851.70539,665.0189488,997.5284231,332.5094744,0,0,332.5094744,332.5094744,0
S098,257034.2135,111819.2636,62288.58312,4502.789141,157597.6199,97935.66382,126453.3284,40149.86984,3001.859427,1876.162142,12007.43771,27391.96727,3752.324284,88930.08553,42401.26441,0,6754.183712,20262.55113,18386.38899,19887.31871,56284.86426,375.2324284,34521.38342,6754.183711,12382.67014,2626.626998,5628.486426,30018.59428,9005.578281,1125.697285,11632.20528,22889.17813,15759.76199,12757.90257,2251.39457,26641.50242,10506.508,750.4648568,4127.556712,6003.718855,5253.253998,375.2324284,3001.859427,16134.99442,1125.697285,12007.43771,8255.113426,0,15759.76199,375.2324284,4502.789141,2251.39457,21388.24842,10506.50799,375.2324284,6754.183711,8630.345854,34146.15098,6003.718854,750.4648568,5253.253998,11256.97285,1500.929713,5253.253998,2251.394571,8630.345853,0,5253.253997,3001.859427,14634.06471,0,11256.97285,0,0,17635.92414,0,5253.253998,17635.92414,0,4502.789141,38273.7077,0,0,375.2324284,0,0,0,375.2324284,750.4648568
S099,831762.1023,753609.9585,262367.9115,22329.18395,441001.3831,196775.9336,608470.2627,291674.9654,1395.573997,2791.147994,54427.38589,309817.4274,2791.147994,185611.3416,115832.6418,1395.573997,29307.05394,19538.03597,237247.5795,47449.51591,96294.6058,4186.721992,153513.1397,32098.20194,44658.36791,16746.88797,404716.4592,78152.14385,50240.6639,1395.573997,46053.94191,41867.21993,75360.99585,32098.20194,15351.31397,36284.92393,29307.05394,226082.9876,25120.33195,256785.6155,27911.47994,6977.869986,4186.721991,23724.75795,78152.14385,212127.2476,62800.82988,0,106063.6238,0,25120.33195,11164.59198,65591.97787,142348.5477,6977.869986,4186.721992,33493.77593,51636.23789,170260.0277,0,85130.01383,13955.73997,18142.46196,15351.31397,16746.88797,26515.90595,1395.573997,13955.73997,5582.295989,86525.58783,2791.147994,16746.88797,4186.721991,0,9769.01798,0,4186.721991,71174.27387,1395.573997,8373.443983,174446.7497,0,0,8373.443983,0,5582.295988,0,8373.443983,0
S100,683701.8545,319060.8654,707691.3933,26388.49263,11994.76938,148735.1403,885213.98,93559.20114,2398.953875,19191.631,107952.9244,206310.0333,0,2847558.25,71968.61627,2398.953875,7196.861625,26388.49263,1830401.807,95958.15502,1134705.183,23989.53876,129543.5093,143937.2325,69569.66239,31186.40038,451003.3286,110351.8783,326257.7271,0,26388.49263,199113.1717,35984.30813,95958.15502,26388.49263,40782.21588,105553.9705,23989.53875,93559.20114,458200.1902,43181.16976,16792.67713,4797.907751,9595.815502,508578.2216,21590.58488,50378.03139,7196.861626,3524063.243,0,14393.72325,79165.47789,136740.3709,1365004.755,7196.861626,43181.16976,33585.35425,134341.417,652515.4541,2398.953875,40782.21588,19191.631,21590.58488,57574.89302,98357.10889,19191.631,59973.84688,2398.953875,0,67170.70852,9595.815502,11994.76938,9595.815501,4797.907751,7196.861626,0,7196.861626,247092.2491,2398.953875,26388.49263,35984.30814,2398.953875,2398.953875,16792.67713,0,2398.953875,131942.4631,0,0
S101,293084.7631,74728.04484,191961.9501,8912.51911,94609.81825,59302.531,219727.875,40106.33599,4799.048751,4799.048751,175165.2794,58616.95261,1713.945983,25023.61135,67872.26091,2399.524376,6512.994735,19881.7734,17482.24902,52446.74707,13025.98947,4456.259555,38392.39002,32564.97367,36678.44403,3085.10277,20567.35179,16111.09224,17482.24902,1028.36759,13711.56786,8569.729913,12340.41108,22966.87617,3770.681162,10283.6759,19881.7734,43191.43877,27765.92492,3427.891965,13368.77866,0,4456.259556,6855.783931,4456.259555,9255.308307,7198.573127,342.7891965,21938.50858,685.5783931,14054.35706,6512.994735,13368.77867,4799.048752,3770.681163,19196.19501,18510.61662,11997.62188,1028.36759,342.7891965,21938.50858,6855.783931,1371.156786,11312.04349,11654.83268,3427.891965,6855.783931,1713.945983,2742.313573,4799.048752,4799.048751,3770.681162,4799.048752,342.7891965,3770.681162,1371.156786,1713.945983,17825.03822,342.7891965,2742.313573,1028.36759,685.5783931,1371.156787,46962.11993,1713.945983,1713.945983,342.7891965,685.5783931,0
S102,101706.2532,54181.69489,127595.1176,2588.886446,116314.9696,100226.8895,192317.2788,45675.35371,15348.39821,12019.82992,44195.99003,7951.579797,2773.806906,27738.06905,47524.55831,5732.534272,23669.81893,4253.170588,42531.70589,38833.29668,22930.13709,2034.125064,28662.67135,19231.72788,21635.69386,11465.06854,25334.10307,6287.295652,4253.170589,3698.409207,13499.19361,9800.7844,4438.091049,22560.29617,4438.091049,13314.27315,16642.84144,10355.54578,7211.897955,5917.454732,17752.3642,184.9204604,25703.94399,15903.15959,1294.443223,3883.329669,6842.057034,1849.204604,31991.23965,739.6818415,10540.46624,3328.568287,3328.568286,19601.5688,3143.647826,14238.87545,14978.55729,14978.55729,8321.420717,3513.488747,8876.182098,7026.977494,739.6818416,15718.23913,7951.579796,3143.647826,1109.522762,3143.647827,11465.06854,6287.295653,554.7613811,1294.443223,1109.522762,0,7396.818415,924.6023019,184.9204604,12759.51177,739.6818415,3513.488747,924.6023019,554.7613811,184.9204604,369.8409208,0,554.7613812,184.9204604,739.6818415,0
S103,104182.4611,31397.45403,245471.0042,41387.55305,1084639.321,149851.4851,335381.8953,109891.0891,92765.20509,34251.76803,28543.14003,55659.12306,39960.39604,202656.2942,112745.4031,97046.67609,95619.51909,0,803489.3918,52804.80905,81347.94908,1427.157001,67076.37907,35678.92504,41387.55304,18553.04102,94192.36209,15698.72702,4281.471004,44241.86705,34251.76803,48523.33805,2854.314003,18553.04102,9990.09901,1427.157001,19980.19802,4281.471004,44241.86705,62794.90806,22834.51202,1427.157001,117026.8741,18553.04102,14271.57001,12844.41301,1427.157001,0,39960.39604,7135.785007,17125.88402,2854.314003,5708.628006,516630.8345,0,21407.35502,18553.04102,28543.14003,226917.9632,12844.41301,2854.314003,11417.25601,0,38533.23904,22834.51203,2854.314003,4281.471004,2854.314003,25688.82603,2854.314002,2854.314003,2854.314003,0,0,19980.19802,0,0,27115.98303,1427.157001,0,0,1427.157001,0,0,0,0,1427.157001,2854.314003,2854.314003
S104,2293683.06,1213005.465,311521.8579,372172.1311,261898.9072,1020027.322,4791371.585,589961.7486,1254357.923,595475.4098,1284683.06,438336.0656,8270.491803,146112.0219,228816.9399,41352.45902,146112.0219,27568.30601,168166.6667,85461.74863,79948.08743,0,237087.4317,882185.7923,44109.28962,60650.27322,77191.25683,394226.7759,140598.3607,264655.7377,179193.9891,435579.235,16540.98361,66163.93443,82704.91804,146112.0219,38595.62841,38595.62841,118543.7159,38595.62842,363901.6393,118543.7158,270169.3989,465904.3716,30325.13661,126814.2077,113030.0546,2756.830601,212275.9563,19297.81421,88218.57923,68920.76502,44109.28962,143355.1913,19297.81421,19297.81421,38595.62841,212275.9563,79948.08743,24811.47541,49622.95082,11027.3224,11027.3224,49622.95082,358387.9781,22054.64481,85461.74864,30325.13661,102002.7322,79948.08744,2756.830601,2756.830601,13784.153,8270.491803,8270.491803,55136.61202,2756.830601,151625.6831,0,13784.15301,0,0,2756.830601,19297.81421,0,2756.830601,8270.491803,5513.661202,5513.661202
S105,117153.7657,53299.6862,196311.7155,8971.23431,180480.1255,105543.9331,571520.3975,40634.41423,249611.4016,63326.35983,482863.4937,10554.39331,89184.62343,33246.33891,54355.12552,17942.46862,70714.43516,527.7196653,41162.13389,55938.28452,22164.22594,2638.598326,56993.72385,71769.87448,34829.49791,7388.075313,132457.636,22691.94561,3166.317992,4221.757322,23747.38494,22164.22594,1583.158996,35884.93724,3166.317992,12665.27197,20053.34728,68075.83682,61215.48118,17942.46862,37995.8159,1583.158996,24802.82427,26385.98327,5277.196653,11609.83264,8971.23431,1055.439331,29552.30126,527.7196653,27441.42259,0,1583.158996,22691.94561,1055.439331,19525.62762,29552.30126,11609.83264,6860.355649,54882.84519,55938.28453,17414.74895,1055.439331,35357.21758,21636.50628,527.7196653,527.7196653,4749.476987,16359.30963,12137.5523,527.7196653,4749.476987,3166.317991,527.7196653,5804.916319,20581.06695,527.7196653,14776.15063,0,527.7196653,527.7196653,0,1583.158996,12137.5523,0,2110.878661,0,527.7196653,0
S106,557774.6279,90578.78573,228830.6166,100113.3948,1444493.267,238365.2256,1203744.389,174006.6147,2302608.079,221679.6599,433824.7106,52440.34964,617365.9343,107264.3515,143019.1354,1937909.284,3351415.072,2383.652256,219296.0076,40522.08835,64358.61091,28603.82707,57207.65415,219296.0076,71509.56768,157321.0489,52440.34963,28603.82707,33371.13159,338478.6204,42905.74061,57207.65414,9534.609024,30987.47933,42905.74061,14301.91354,21452.8703,50056.69738,300340.1842,21452.8703,71509.56768,35754.78384,1253801.087,16685.56579,21452.8703,19069.21805,14301.91354,7150.956768,45289.39286,21452.8703,50056.69738,7150.956768,2383.652256,92962.43799,38138.4361,30987.47933,16685.56579,23836.52256,30987.47933,35754.78384,11918.26128,4767.304512,2383.652256,195459.485,81044.17671,2383.652256,4767.304512,7150.956768,510101.5828,28603.82707,9534.609024,4767.304512,2383.652256,26220.17482,81044.17671,16685.56579,0,33371.13158,4767.304512,2383.652256,0,2383.652256,11918.26128,2383.652256,0,0,7150.956768,7150.956768,0
S107,507928.22,29159.57198,238005.1551,61471.53011,196630.0867,46103.64758,537875.8885,62259.62665,101270.4054,61077.48184,327060.064,59895.33703,77233.46091,26795.28236,144221.6668,25219.08928,78809.65399,788.0965399,10245.25502,57136.99914,19308.36523,0,55560.80606,62259.62665,23248.84793,3152.38616,2758.33789,23248.84793,2758.33789,7092.868859,31523.8616,21278.60658,2364.28962,18520.26869,788.0965399,10639.30329,26007.18582,5122.627509,32311.95814,0,33494.10294,4728.579239,22854.79966,26401.23409,0,17732.17215,8669.061939,788.0965399,16550.02734,33494.10294,19702.4135,394.0482699,1576.19308,5122.627509,0,14185.73772,14579.78599,15367.88253,788.0965398,26401.23409,5122.627509,16550.02734,788.0965398,40192.92354,13003.59291,1182.14481,3546.43443,2364.28962,16944.07561,10639.30329,0,3940.482699,7880.965399,394.0482699,7092.868859,34676.24775,394.0482699,13003.59291,0,394.0482699,1970.24135,0,0,1970.24135,0,0,394.0482699,1576.19308,0
S108,441019.8676,41664.97858,33803.66186,197319.0495,523563.693,80185.43047,471679.0027,234267.238,246059.2131,314452.6685,96694.19556,105341.6439,147792.7542,15722.63343,189457.7328,188671.6011,396996.4939,1572.263342,18867.16011,7861.316712,17294.89676,3144.526685,62890.5337,77040.90378,7861.316712,18867.16011,6289.053369,55029.21699,14150.37008,65248.92871,27514.60849,55029.21699,786.1316712,3930.658356,8647.448383,17294.89677,7075.185041,15722.63342,44023.37359,786.1316712,20439.42345,21225.55512,88046.74717,22011.68679,6289.05337,42451.11025,11005.8434,0,22797.81847,64462.79704,3144.526685,1572.263342,5502.921699,8647.448383,2358.395014,1572.263342,1572.263342,13364.23841,11005.8434,9433.580055,1572.263342,6289.053369,786.1316712,14936.50175,19653.29178,1572.263342,6289.053369,2358.395014,51884.69029,22011.68679,3930.658356,3144.526685,1572.263342,2358.395014,3930.658356,53456.95364,0,31445.26685,786.1316712,3930.658356,0,1572.263342,1572.263342,2358.395013,786.1316712,1572.263342,0,786.1316712,1572.263342
S109,99665.20979,109367.1329,177280.5944,142882.8671,408362.7623,200212.4126,220498.2518,204622.3776,251368.007,68795.45455,19403.84615,64385.48951,285765.7343,184336.5384,113777.0979,31751.74825,22931.81819,0,25577.7972,73205.41958,64385.48951,944614.5105,46745.62937,32633.74126,66149.47553,34397.72728,23813.81119,29987.76224,31751.74825,85553.32168,6173.951049,159640.7342,2645.979021,44981.64336,31751.74825,6173.951049,41453.67133,2645.979021,22049.82518,11465.90909,7055.944056,57329.54546,15875.87413,64385.48951,1763.986014,27341.78322,3527.972028,724116.2588,20285.83916,41453.67133,7937.937063,881.993007,3527.972028,16757.86713,769979.8952,40571.67832,40571.67833,26459.79021,2645.979021,29987.76224,48509.61539,24695.8042,2645.979021,5291.958042,14111.88811,0,14993.88112,881.993007,7937.937063,9701.923077,90845.27972,7055.944056,1763.986014,44981.64335,20285.83916,16757.86713,881.993007,18521.85315,130534.9651,0,8819.93007,70559.44056,37925.6993,0,69677.44756,57329.54545,0,881.993007,149056.8181
S110,209908.6196,98088.13999,149747.8937,391698.639,706234.6078,122283.2146,224294.8801,269415.4245,376658.4575,77816.59105,13078.41866,159556.7077,258298.7686,224948.801,206639.0149,49044.07,64084.25146,0,22887.23266,35965.65133,92856.77252,680731.6915,48390.14906,39235.25599,18309.78613,29426.442,11770.5768,55583.27933,33349.9676,34657.80946,14386.26053,68007.77706,7193.130266,14386.26053,14386.26053,6539.209332,12424.49773,5231.367466,69315.61893,2615.683733,17001.94426,193560.5963,41197.01879,13078.41866,2615.683733,37927.41413,12424.49773,190290.9916,21579.39079,118359.6889,18963.70706,653.9209332,5885.288399,8500.972132,287725.2106,8500.972132,7847.051198,26810.75826,3269.604666,7847.051199,7193.130265,3923.525599,0,24195.07453,15040.18147,2615.683733,10462.73493,2615.683733,21579.3908,16348.02334,94818.53532,13732.33959,0,39889.17693,27464.6792,11770.5768,653.9209332,28118.60013,49044.06999,653.9209332,3269.604666,75200.90732,83701.87945,653.9209332,50351.91186,74546.98639,3269.604666,1961.7628,6539.209332
S111,150089.8119,103363.7384,249205.7255,236462.2509,1343728.6,222302.8347,249205.7255,277524.558,1394702.498,151505.7536,128850.6876,65133.31462,853812.7982,378056.4132,87788.38058,76460.8476,154337.6369,0,29734.77407,82124.61409,174160.8195,1830812.517,84956.49733,55221.72327,41062.30704,65133.31462,12743.4746,43894.19029,45310.13191,92036.20545,9911.591355,157169.5201,9911.591356,28318.83244,42478.24866,9911.591356,38230.4238,0,53805.78164,4247.824867,24071.00758,145841.987,120355.0379,31150.71569,2831.883244,39646.36542,9911.591356,471508.5602,32566.65731,2831.883244,14159.41622,1415.941622,4247.824867,15575.35784,573456.3571,11327.53298,24071.00758,29734.77407,4247.824866,21239.12433,14159.41622,9911.591355,0,19823.18271,25486.9492,2831.883244,12743.4746,2831.883244,53805.78164,12743.4746,179824.586,31150.71569,0,1001070.727,111859.3882,5663.766489,9911.591355,38230.4238,109027.5049,1415.941622,0,176992.7027,348321.6391,2831.883244,209559.36,181240.5277,5663.766489,1415.941622,19823.18271
S112,460730.5936,520454.9298,240603.7544,348107.5596,356639.6076,438547.2688,515335.7009,334456.2828,426602.4015,206475.5623,46073.05936,163815.3221,85320.4803,180879.4182,273025.5369,8532.04803,5119.228818,0,1097221.377,56311.517,63137.15542,858324.0318,146751.2261,56311.517,40953.83054,17064.09606,1068212.413,199649.9239,64843.56503,141631.9973,23889.73448,447079.3167,11944.86724,27302.5537,46073.05937,85320.4803,17064.09606,8532.04803,37541.01133,791774.0571,29008.9633,61430.74581,22183.32487,252548.6216,261080.6697,56311.51699,23889.73449,191117.8758,95558.93793,52898.69778,20476.91527,18770.50567,6825.638424,588711.3141,447079.3168,13651.27685,35834.60173,162108.9126,119448.6724,64843.56503,18770.50567,10238.45764,3412.819212,35834.60173,22183.32488,10238.45764,64843.56503,11944.86724,15357.68645,40953.83054,98971.75715,11944.86724,18770.50567,69962.79385,10238.45764,46073.05936,1706.409606,44366.64975,68256.38424,3412.819212,0,80201.25148,83614.07069,1706.409606,66549.97463,114329.4436,3412.819212,3412.819212,13651.27685
S113,146033.6899,63248.70516,118927.102,37851.5417,249331.7683,96704.58396,169477.2254,62760.29818,46887.07101,47619.6815,19536.27959,36386.32073,53236.36188,93774.14202,89378.47911,1465.220969,6837.697855,488.4069897,3174.645433,35165.30325,42247.20461,0,39316.76267,16361.63415,23199.33201,2686.238443,2197.831453,36386.32073,3174.645433,4639.866403,8302.918825,32723.26831,1953.627959,13186.98872,1465.220969,27350.79142,15629.02367,11965.97125,9279.732804,244.2034948,9523.936299,1465.220969,7081.901351,45421.85004,488.4069897,11721.76775,7326.104846,0,22710.92502,61295.0772,7570.30834,1953.627959,4151.459412,1953.627959,0,6837.697856,12698.58173,22466.72153,1221.017474,9768.139794,7814.511835,8302.918824,11233.36076,8791.325814,2930.441938,7570.308341,976.8139793,13919.5992,3174.645433,10012.34329,0,4884.069897,3418.848928,0,6593.494361,23443.53551,244.2034948,17094.24464,0,2686.238444,1221.017474,0,0,488.4069897,0,0,0,732.6104845,0
S114,852938.3536,329629.0144,111738.6489,84735.14211,266310.4467,495374.677,869699.151,261654.6696,184368.7708,121981.3584,40039.68254,80079.36508,22347.72979,111738.6489,311937.0616,1862.310816,13967.33112,0,6518.087855,35383.9055,25141.19602,0,184368.7707,83803.98671,14898.48653,2793.466224,7449.243263,125705.9801,9311.554079,9311.554079,43764.30417,148053.7099,13036.17571,18623.10816,7449.243263,165745.6626,8380.398671,17691.95275,47488.9258,0,52144.70284,3724.621632,11173.8649,612700.2584,0,45626.61498,15829.64194,0,136879.845,41901.99336,9311.554079,4655.777039,13967.33112,5586.932448,0,5586.932447,7449.243264,113600.9598,1862.310816,19554.26357,4655.77704,6518.087856,8380.398671,78217.05427,7449.243264,39108.52713,1862.310816,31659.28387,4655.77704,40970.83795,0,3724.621632,13967.33112,0,5586.932448,74492.43263,0,70767.811,0,4655.77704,19554.26357,0,0,0,0,0,2793.466224,5586.932447,0
S115,555332.7013,240436.1808,224212.9782,184694.9208,488359.9934,116058.2949,288689.8087,107738.7038,14975.26385,7903.611478,45341.77111,201750.0825,15807.22296,54909.3008,106906.7447,2079.897757,17055.16161,1663.918206,70300.54419,73628.38061,29534.54815,831.9591029,46173.73021,26622.69129,43677.8529,14975.26385,44509.81201,22878.87533,17887.12071,7487.631926,19135.05937,29534.54815,9983.509235,23294.85488,5407.734169,17887.12071,39934.03694,7071.652375,35774.24142,9983.509235,12063.40699,8319.59103,8735.570581,24542.79353,1247.938654,58237.1372,22878.87533,0,32862.38457,8735.57058,14143.30475,6655.672823,2495.877309,39102.07784,415.9795515,16223.20251,21630.93668,23710.83443,20382.99802,5823.71372,9567.529684,8735.570581,9151.550132,17887.12071,6239.693272,2911.85686,12895.3661,10399.48879,5407.734169,12479.38654,2495.877309,4159.795515,6655.672823,0,6239.693272,1247.938654,3743.815963,19135.05937,0,4159.795515,7903.611478,831.9591029,415.9795515,415.9795515,0,415.9795515,0,1663.918206,0
S116,50129.72675,142034.2257,33618.74531,20688.45866,473845.2742,52119.00162,76984.9375,97275.54119,18699.18379,2188.202358,5371.042151,33220.89035,11338.86676,116173.6524,28844.48563,1790.347384,2983.912306,2784.984819,2784.984819,4973.187177,66441.78069,6365.679587,27849.84819,7559.244509,7161.389535,5967.824613,795.7099483,15118.48902,5768.897126,3580.694768,5371.042151,14322.77907,2586.057332,2983.912306,10941.01179,24667.0084,3580.694767,1193.564923,9548.51938,994.6374354,4177.477229,3580.694768,1790.347384,3381.76728,0,12731.35917,2586.057332,397.8549742,15317.41651,4177.477229,7559.244509,1193.564923,3580.694767,397.8549742,3580.694768,2586.057332,2983.912306,20688.45866,596.7824613,397.8549742,1193.564923,795.7099484,10742.0843,7559.244509,2586.057332,2784.984819,1193.564923,10543.15682,3381.767281,7161.389536,1989.274871,7957.099484,198.9274871,0,12532.43169,0,12930.28666,10344.22933,397.8549742,0,4376.404716,1193.564923,795.7099483,0,198.9274871,1591.419897,0,795.7099483,596.7824613
S117,1187150.467,424538.7169,207206.0527,110613.7574,355210.376,196300.4709,609154.636,144109.4727,8568.671351,11684.55184,222006.485,165141.666,8568.671351,90360.53424,179942.0983,0,8568.671351,1557.940246,19474.25307,38948.50614,56864.81896,0,98150.23547,54527.90859,29600.86467,8568.671351,10126.6116,102824.0562,11684.55184,4673.820737,46738.20737,21032.19332,65433.49031,19474.25307,3115.880492,118403.4587,29600.86467,9347.641473,37390.5659,0,36611.59577,3115.880491,9347.641474,47517.17749,0,82570.83301,39727.47626,0,70886.28117,6231.760982,14021.46221,11684.55184,17916.31283,12463.52196,0,10905.58172,10905.58172,105160.9666,2336.910368,6231.760982,0,17916.31282,39727.47626,43622.32687,13242.49209,15579.40246,1557.940246,45959.23724,6231.760982,25706.01405,0,7010.731105,34274.6854,0,10126.6116,1557.940246,11684.55184,34274.6854,0,21811.16343,20253.22319,0,0,3894.850614,0,0,0,1557.940246,0
S118,602252.0027,236403.662,497723.9053,32816.96079,303860.7481,114859.3628,424797.3257,98450.88237,7900.379449,4254.050473,1307208.938,70495.69355,1215.442992,96627.71788,103920.3758,607.7214961,1215.442992,3038.607481,4254.050473,88119.61694,60164.42812,0,71711.13654,35855.56827,61379.87111,3646.328976,2430.885984,66849.36457,7900.379449,3038.607481,30993.79631,32816.96078,41932.78324,41325.06174,5469.493465,71711.13654,58948.98513,10938.98693,13369.87291,0,21877.97386,0,607.7214961,15800.7589,607.7214961,41932.78323,40109.61874,0,48009.9982,8508.100946,22485.69535,9115.822442,24916.58134,5469.493465,0,19447.08788,27955.18882,83865.56646,1215.442992,7292.657953,6684.936457,21877.97386,46186.83371,18839.36638,6684.936457,19447.08788,13977.59441,55910.37764,3038.607481,17623.92339,0,9115.822442,82042.40197,0,16408.48039,1215.442992,5469.493465,34032.40379,0,24308.85984,34032.40379,0,0,3646.328977,0,0,0,1215.442992,0
S119,309766.7751,321409.4898,206746.3897,23991.04864,92788.9087,67386.62191,310119.5846,47629.28774,1764.047694,1058.428616,143240.6727,69503.47915,0,48334.90681,54685.47852,0,705.6190776,2469.666772,9525.857547,56449.52621,47629.28773,0,46570.85913,25402.28679,37397.81111,3528.095388,3880.904927,33869.71572,7409.000315,705.6190776,19404.52464,11995.52432,59624.81206,13759.57201,2469.666772,55743.90713,30694.42988,4233.714466,17287.6674,1411.238155,20815.76279,352.8095388,0,10937.0957,705.6190776,42689.9542,26460.71541,0,26107.90587,1058.428616,11289.90525,10584.28616,51863.0022,6350.571699,705.6190776,9878.667086,18698.90556,62447.28837,4586.524004,705.6190776,1058.428616,8114.619392,67386.62191,21874.19141,7761.809854,17287.6674,5997.76216,17993.28648,0,9878.667087,352.8095388,12701.14339,26813.52494,0,8114.619393,0,13759.57201,26107.90587,0,17993.28648,25755.09633,0,0,3175.285849,0,0,352.8095388,705.6190776,352.8095388
S120,323254.0802,428565.7868,176874.8741,16264.35624,119949.6272,113037.2758,313088.8575,37408.01934,2033.04453,0,157764.2555,63837.59822,1219.826718,91893.61274,48793.06871,406.6089059,1626.435624,20330.4453,8945.39593,60991.33588,104905.0977,7318.960306,61804.5537,41474.1084,37408.01935,5692.524682,3659.480153,46353.41528,14231.31171,2033.04453,28869.23232,16670.96514,91893.61273,25616.36107,4472.697965,59364.90026,31715.49466,4472.697965,21143.6631,0,26429.57888,2033.04453,3252.871248,17484.18295,0,76035.86541,9352.004836,3252.871247,37814.62825,406.6089059,12198.26717,23989.92545,43100.54402,5285.915777,25616.36107,15044.52952,16264.35624,84168.04352,4879.306871,813.2178118,2439.653436,15857.74733,51639.33105,17890.79186,6912.351401,11791.65827,6505.742495,25616.36107,406.6089059,19110.61858,9352.004836,13011.48499,4066.089059,2846.262341,8945.39593,0,24803.14326,18297.40077,2439.653435,5692.524683,48793.06871,1219.826718,5285.915776,4472.697965,3252.871247,6912.351401,406.6089059,2033.04453,813.2178118
S121,797549.4022,327520.2875,224388.8992,64378.9878,120007.4336,26251.62609,336895.8682,87505.42031,3125.193582,0,23751.47123,125632.782,1250.077433,93755.80748,43127.67143,0,625.0387165,2500.154866,11250.6969,43127.67144,69379.29753,0,65629.06523,30001.85839,36252.24556,16251.00662,3125.193583,61878.83293,8125.503314,0,36252.24556,10000.61946,110006.8141,12500.77433,8125.503314,29376.81967,26876.66481,4375.271016,57503.56191,1250.077433,15625.96791,1250.077433,0,6250.387165,1250.077433,146259.0597,34377.12941,625.0387165,37502.32299,1875.11615,25626.58738,10000.61946,45002.78759,8125.503314,1875.11615,10000.61946,18126.12278,33127.05197,2500.154866,625.0387165,8750.542031,8750.542031,3125.193583,43752.71016,5625.348448,31876.97454,3750.232299,4375.271015,3125.193582,35627.20684,0,25626.58737,55628.44577,0,24376.50995,0,31251.93583,31876.97454,625.0387165,18751.1615,5625.348448,0,0,2500.154866,0,1250.077433,3750.232299,0,0
S122,423572.4215,285721.0374,196358.0762,12021.92303,30054.80758,24845.3076,129035.3072,38069.42293,0,400.7307677,26848.96144,63315.4613,0,74936.65356,23242.38453,0,400.7307677,6411.692284,15628.49994,42477.46137,40073.07677,43679.65368,36867.23063,18032.88455,31657.73065,2003.653839,3606.576909,65719.84591,17231.42301,0,12422.6538,16029.23071,40073.07677,16029.23071,7613.884586,26448.23067,27249.6922,3205.846142,12823.38457,8014.615354,7613.884586,1202.192303,0,4007.307677,3606.57691,45683.30751,20437.26915,24845.3076,12422.6538,2805.115374,11621.19227,8415.346122,42477.46138,10819.73073,45683.30753,10018.26919,21639.46146,28051.15374,16830.69225,0,18834.34608,11621.19226,1202.192303,5209.499981,2805.115374,17632.15378,14426.30763,16029.23071,801.4615354,15227.76917,9216.807657,12422.6538,10819.73073,801.4615354,12823.38457,0,8816.07689,20837.99992,6010.961516,14827.03841,64918.38437,2003.653839,1202.192303,1602.923071,801.4615354,9216.807657,801.4615354,400.7307677,400.7307677
S123,337896.4369,229144.3357,219167.0787,14300.73502,71171.0999,39576.45275,427691.7499,31594.64715,3325.752332,332.5752332,251094.3011,30264.34623,332.5752332,42237.05461,23945.41679,0,332.5752332,0,5653.778964,52879.46208,36250.70042,0,45230.23171,14300.73503,43899.93078,6318.929431,4656.053265,29931.77099,5653.778964,665.1504664,9977.256996,8314.38083,38911.30228,20952.23969,3658.327566,33590.09855,27936.31959,3990.902798,23280.26633,0,8314.38083,332.5752332,0,3658.327565,997.7256996,30596.92145,11640.13316,0,13635.58456,0,15631.03596,8314.38083,28934.04529,2993.177099,0,9977.256996,17626.48736,29599.19576,1330.300933,332.5752332,997.7256996,18956.78829,10974.9827,9312.10653,4656.053264,17626.48736,5653.778964,53544.61254,1330.300933,13635.58456,0,7981.805597,10974.9827,0,10974.9827,0,6984.079897,17626.48736,0,4656.053264,29266.62052,0,0,4323.478032,0,0,1330.300933,332.5752332,0
S124,139032.6231,111911.2696,266645.729,5995.246584,33973.06397,63092.8331,431372.2661,65662.22449,1141.95173,285.4879325,70515.51934,15130.86043,3711.343124,43965.14162,61950.88136,0,856.4637976,856.4637976,37969.89503,59666.97791,44250.62955,0,63378.32103,20555.13114,59381.48997,3996.831056,5138.782786,45392.58128,4567.806921,285.4879325,34544.03984,11134.02937,58525.02617,25408.426,570.9758651,46820.02094,34829.52777,1998.415528,9706.589707,1141.95173,15987.32422,1427.439663,856.4637976,9706.589706,1712.927595,35115.01571,8850.125909,0,28834.28119,2569.391393,22553.54667,6566.222448,56812.09857,22553.54667,0,13703.42077,15987.32422,40824.77435,11990.49317,285.4879325,2569.391393,14845.37249,1998.415528,21697.08287,3140.367258,33116.60017,2854.879325,6280.734516,1427.439663,21126.10701,0,9706.589706,3711.343124,0,8850.12591,0,8279.150045,31403.67258,0,11134.02937,0,0,0,570.9758651,0,0,1427.439663,1141.95173,285.4879325
S125,340689.4921,77501.74569,30682.50929,18409.50558,10227.5031,12954.83725,160912.7154,25682.39667,681.8335398,227.2778466,22045.95112,70910.68815,0,9545.669558,39091.78962,0,227.2778466,0,32500.73206,6591.057552,15909.44926,0,26364.2302,10454.78094,4318.279085,4545.556932,26364.23021,35682.62192,5454.668319,0,17045.8385,7272.891091,55228.51672,3181.889852,3181.889853,13636.6708,5000.112625,11591.17018,18864.06126,4772.834779,7727.446785,0,227.2778466,227.2778466,13409.39295,77729.02354,24546.00744,0,20682.28404,0,10227.5031,2500.056313,32500.73206,20455.0062,0,1136.389233,3636.445545,14545.78218,4545.556932,454.5556932,1136.389233,5000.112626,5000.112625,11818.44802,4545.556932,10909.33664,909.1113864,8182.002478,227.2778466,10682.05879,0,2954.612006,22273.22896,0,5000.112625,0,1136.389233,22955.06251,0,16818.56065,0,0,0,4318.279085,0,0,0,454.5556932,0
S126,444764.9079,292512.0518,168577.5606,16657.86172,62633.56006,31983.0945,318165.1588,61634.08836,1998.943406,999.4717031,33315.72344,47308.32728,0,87953.50988,49307.27069,0,333.1572344,2998.415109,8662.088094,50973.05686,143923.9252,0,66964.6041,19323.11959,33648.88067,3997.886813,3664.729578,63299.87453,10994.18873,0,32316.25173,19323.11959,40312.02536,15991.54725,4997.358516,37646.76748,39645.71089,3997.886812,22987.84917,1665.786171,17324.17618,1332.628937,0,4331.044046,1665.786172,41644.65429,32316.25174,0,28651.52215,0,67964.07581,7662.61639,55637.25814,4997.358516,0,9661.559797,15658.39001,29650.99386,2998.41511,333.1572344,14992.07555,10327.87427,15658.39001,23654.16364,6663.144688,23321.00641,4997.358515,7662.61639,666.3144687,15658.39001,0,87953.50987,45975.69834,0,30983.6228,0,0,38979.39642,0,53305.1575,0,0,0,666.3144687,0,0,1332.628937,0,0
S127,1238741.931,397802.177,369706.9991,102802.8098,137283.2553,72153.52487,490388.5585,102164.283,10854.95507,5108.21415,74707.63195,252856.6005,5108.214151,73430.57841,184534.2362,0,12770.53537,13409.06215,78538.79256,116211.872,48528.03442,0,85562.58702,65768.25718,67683.83749,22348.43691,111103.6578,99610.17593,19794.32983,638.5267688,40865.7132,19155.80306,20432.8566,71514.9981,8939.374763,54913.30211,66406.78396,65129.73042,67683.83749,21709.91014,31926.33844,638.5267688,14047.58891,11493.48184,38311.60613,63852.67688,52359.19504,0,45973.92736,638.5267688,37034.55259,12132.00861,59382.98949,41504.23997,0,29372.23136,49166.56119,58105.93596,14686.11568,5108.21415,17878.74953,31926.33844,1277.053538,39588.65966,23625.49044,21071.38337,118127.4522,33203.39198,7023.794458,24264.01721,0,18517.27629,10854.95507,0,11493.48184,2554.107075,5108.21415,54274.77534,0,10216.4283,0,0,0,14686.11568,0,0,0,0,0
S128,346702.8081,128134.3266,184106.361,9714.154727,75631.63324,36312.43553,212323.6676,44407.56447,9251.575931,5088.366762,122583.3811,30992.77937,231.2893983,22897.65042,80951.2894,1156.446991,9714.154728,3238.051576,11795.75931,53890.4298,13646.0745,0,32843.09456,28679.88539,34230.83094,2775.472779,8326.418338,31686.64756,6244.813753,1619.025788,18271.86246,9714.154728,5088.366762,16884.12607,2081.604585,21278.62464,33074.38395,5088.366762,22666.36103,231.2893983,11795.75931,231.2893983,14339.94269,13646.0745,1387.73639,17115.41548,19890.88825,0,15727.67908,2081.604585,15727.67908,2775.47278,11101.89112,4163.209169,0,10408.02292,20122.17765,18271.86246,2312.893983,4163.209169,4394.498568,17346.70487,1156.446991,15958.96848,6707.39255,6707.39255,13183.4957,3700.630372,3469.340974,9020.286533,0,4163.209169,5088.366763,0,2775.472779,2544.183381,1156.446991,19890.88825,0,2081.604584,693.8681949,0,0,17346.70487,0,0,231.2893983,0,0
S129,113419.5925,38852.24338,69740.98345,12789.86894,250488.3766,44885.20042,210188.2235,62018.79843,29923.46695,13755.14206,35473.78743,53090.022,6032.957046,80841.62441,190400.1243,4343.729073,11100.64096,1689.227973,57433.75108,15444.37004,29923.46694,0,48022.33809,25821.05616,8928.776428,5067.683919,5067.683919,15927.0066,4102.410791,6032.957046,10859.32268,16168.32488,1930.546255,6756.911891,965.2731273,7239.548455,10135.36784,241.3182818,19064.14426,482.6365637,9170.09471,1206.591409,6032.957046,12307.23237,0,8687.458146,2654.5011,0,12548.55066,7239.548455,13755.14207,965.2731273,4343.729073,27027.64756,0,2895.819382,6032.957046,15203.05176,9170.09471,2895.819382,241.3182818,3378.455946,1206.591409,14237.77863,8687.458146,482.6365637,2895.819382,6998.230173,5309.002201,4102.410791,0,8204.821583,0,0,4585.047355,1930.546255,3137.137664,21959.96365,0,1206.591409,482.6365636,0,0,0,0,0,965.2731273,965.2731273,0
S130,1004026.056,96636.61971,191141.5493,71056.33803,197536.6197,100900,775224.6479,133585.9155,98057.74648,34817.60563,296304.9296,107295.0704,11369.01408,57555.6338,318332.3944,11369.01409,27711.97183,0,37659.85915,44765.49296,19185.21127,0,93083.80282,123638.0282,34107.04225,3552.816901,19185.21127,86688.7324,15632.39437,36949.29577,31975.35211,31975.35211,11369.01408,21316.90141,1421.126761,27711.97183,27711.97183,8526.760563,122927.4648,1421.126761,44765.49296,4263.380282,24159.15493,68214.0845,710.5633803,31975.35211,28422.53521,0,26290.84508,41923.23944,31264.78873,2842.253521,7816.197183,19895.77464,0,7105.633803,14211.26761,29133.09859,4263.380282,11369.01408,2131.690141,14921.83098,2842.253521,79583.0986,24869.71831,3552.816901,16342.95775,1421.126761,10658.4507,10658.4507,0,4973.943662,2131.690141,0,3552.816902,27711.97183,1421.126761,43344.3662,0,4263.380282,4973.943662,0,0,2842.253522,0,0,710.5633803,710.5633803,0
S131,122892.991,28104.42621,116505.6213,2554.947838,88401.19518,56975.33678,350283.3485,18651.11921,88145.7004,23761.01489,65662.15942,4598.906108,15585.18181,25038.48881,26060.46794,1532.968703,8431.327864,255.4947838,33214.32189,42667.62889,12774.73919,0,31681.35318,35769.26972,16096.17138,0,87634.71082,20695.07749,1021.979135,1788.463487,21206.06706,9453.306999,1021.979135,12519.2444,766.4843513,12774.73919,16607.16094,19928.59314,17118.15051,12263.74963,25293.98359,1788.463486,5365.390459,26315.96272,6131.874811,6642.864378,1532.968703,0,9964.296567,2299.453054,22739.03576,255.4947838,1788.463487,18651.11921,0,7409.348729,9708.801783,9453.306999,8431.327864,15074.19224,3065.937406,9197.812215,255.4947838,23250.02532,7664.843513,1277.473919,1277.473919,4087.91654,3065.937405,7409.348729,0,1021.979135,5365.390459,0,4087.91654,31681.35319,0,7409.34873,0,766.4843513,255.4947838,0,0,510.9895676,0,0,0,255.4947838,0
S132,253887.987,13103.8961,427514.6103,134314.9351,600322.2403,90908.27922,595408.2792,85175.32468,713343.3441,101555.1948,100736.2013,49958.6039,290742.6948,108926.1364,105650.1623,190006.4935,487301.1364,2456.98052,89270.29221,402125.8116,64700.48701,0,81080.35715,99917.20779,266172.8896,25388.7987,34397.72728,29483.76623,5732.954545,29483.76623,26207.7922,21293.83117,2456.98052,173626.6234,2456.98052,4913.961039,220309.2532,8189.935065,93365.25974,5732.954545,26207.79221,818.9935065,152332.7922,18017.85714,13922.88961,24569.80519,6551.948051,0,14741.88312,85175.32468,37673.7013,818.9935065,3275.974026,48320.61688,0,91727.27273,102374.1883,9827.922078,14741.88312,53234.57792,48320.61688,167074.6753,818.9935065,49958.60389,23750.81169,818.9935065,12284.9026,818.9935065,77804.38312,27845.77922,0,16379.87013,818.9935065,0,54053.57142,22112.82468,0,18836.85065,0,818.9935065,4913.961039,0,0,1637.987013,0,0,2456.980519,818.9935065,0
